37406,"76903","7690315","���ܹ�","Ŷ��޸����ɳ�ֳ","�����","���쌧","�����x�S�܂�̂���","��R",0,0,0,0,0,0
37406,"76903","7690319","���ܹ�","Ŷ��޸����ɳ�ֳ","�����","���쌧","�����x�S�܂�̂���","�Ǐ�",0,0,0,0,0,0
37406,"76903","7690316","���ܹ�","Ŷ��޸����ɳ�ֳ","����","���쌧","�����x�S�܂�̂���","���",0,0,0,0,0,0
37406,"76903","7690311","���ܹ�","Ŷ��޸����ɳ�ֳ","���","���쌧","�����x�S�܂�̂���","���c",0,0,0,0,0,0
37406,"76602","7660204","���ܹ�","Ŷ��޸����ɳ�ֳ","�³�","���쌧","�����x�S�܂�̂���","���Y",0,0,0,0,0,0
37406,"76602","7660203","���ܹ�","Ŷ��޸����ɳ�ֳ","��˶޼","���쌧","�����x�S�܂�̂���","�쓌",0,0,0,0,0,0
37406,"766  ","7660024","���ܹ�","Ŷ��޸����ɳ�ֳ","���","���쌧","�����x�S�܂�̂���","�_��",0,0,0,0,0,0
37406,"766  ","7660026","���ܹ�","Ŷ��޸����ɳ�ֳ","��ɳ�","���쌧","�����x�S�܂�̂���","�ݏ�",0,0,0,0,0,0
37406,"766  ","7660011","���ܹ�","Ŷ��޸����ɳ�ֳ","���","���쌧","�����x�S�܂�̂���","����",0,0,0,0,0,0
37406,"766  ","7660027","���ܹ�","Ŷ��޸����ɳ�ֳ","�޼�ֳ","���쌧","�����x�S�܂�̂���","�ܞ�",0,0,0,0,0,0
37406,"76903","7690301","���ܹ�","Ŷ��޸����ɳ�ֳ","����","���쌧","�����x�S�܂�̂���","����",0,0,0,0,0,0
37406,"76903","7690302","���ܹ�","Ŷ��޸����ɳ�ֳ","����","���쌧","�����x�S�܂�̂���","����",0,0,0,0,0,0
37406,"766  ","7660021","���ܹ�","Ŷ��޸����ɳ�ֳ","���ֳ","���쌧","�����x�S�܂�̂���","�l��",0,0,0,0,0,0
37406,"76903","7690303","���ܹ�","Ŷ��޸����ɳ�ֳ","���","���쌧","�����x�S�܂�̂���","����",0,0,0,0,0,0
37406,"76903","7690317","���ܹ�","Ŷ��޸����ɳ�ֳ","���","���쌧","�����x�S�܂�̂���","�V��",0,0,0,0,0,0
37406,"766  ","7660017","���ܹ�","Ŷ��޸����ɳ�ֳ","�м�Ƽ","���쌧","�����x�S�܂�̂���","�Y����",0,0,0,0,0,0
37406,"766  ","7660016","���ܹ�","Ŷ��޸����ɳ�ֳ","�м�˶޼","���쌧","�����x�S�܂�̂���","�Y����",0,0,0,0,0,0
37406,"76602","7660201","���ܹ�","Ŷ��޸����ɳ�ֳ","����","���쌧","�����x�S�܂�̂���","���c",0,0,0,0,0,0
37406,"766  ","7660015","���ܹ�","Ŷ��޸����ɳ�ֳ","Ŷ޵","���쌧","�����x�S�܂�̂���","����",0,0,0,0,0,0
37406,"76602","7660202","���ܹ�","Ŷ��޸����ɳ�ֳ","Ŷ�","���쌧","�����x�S�܂�̂���","����",0,0,0,0,0,0
37406,"766  ","7660012","���ܹ�","Ŷ��޸����ɳ�ֳ","Ƽ����","���쌧","�����x�S�܂�̂���","������",0,0,0,0,0,0
37406,"766  ","7660014","���ܹ�","Ŷ��޸����ɳ�ֳ","ʻ��","���쌧","�����x�S�܂�̂���","�H��",0,0,0,0,0,0
37406,"766  ","7660013","���ܹ�","Ŷ��޸����ɳ�ֳ","˶޼����","���쌧","�����x�S�܂�̂���","������",0,0,0,0,0,0
37406,"76903","7690314","���ܹ�","Ŷ��޸����ɳ�ֳ","����","���쌧","�����x�S�܂�̂���","���R",0,0,0,0,0,0
37406,"766  ","7660025","���ܹ�","Ŷ��޸����ɳ�ֳ","��","���쌧","�����x�S�܂�̂���","�^��",0,0,0,0,0,0
37406,"76903","7690312","���ܹ�","Ŷ��޸����ɳ�ֳ","����","���쌧","�����x�S�܂�̂���","�{�c",0,0,0,0,0,0
37406,"76903","7690318","���ܹ�","Ŷ��޸����ɳ�ֳ","��ܷ","���쌧","�����x�S�܂�̂���","�R�e",0,0,0,0,0,0
37406,"766  ","7660023","���ܹ�","Ŷ��޸����ɳ�ֳ","ּ�","���쌧","�����x�S�܂�̂���","�g��",0,0,0,0,0,0
37406,"766  ","7660022","���ܹ�","Ŷ��޸����ɳ�ֳ","ּɼ�","���쌧","�����x�S�܂�̂���","�g�쉺",0,0,0,0,0,0
